﻿FAJ;Number;Supported from:;Status:;Performance delta with no NR load;Performance delta with NR load;Comment:;History:
System Improvements in L16A;9/FAJ 121 1447;20.Q1;20.Q1 release;;;;
LTE Basic;FAJ 121 0484;20.Q1;20.Q1 release;;;;
Connected Users;FAJ 121 0485;20.Q1;20.Q1 release;;;;
Dual-Antenna Downlink Performance Package;FAJ 121 0486;20.Q1;20.Q1 release;;;;
64-QAM Downlink;FAJ 121 0487;20.Q1;20.Q1 release;;;;
16-QAM Uplink;FAJ 121 0488;20.Q1;20.Q1 release;;;;
Intra-LTE Handover;FAJ 121 0489;20.Q1;20.Q1 release;;;;
Data Forwarding at Intra-LTE Handover;FAJ 121 0490;20.Q1;20.Q1 release;;;;
Coverage-Triggered CDMA2000 Session Continuity;FAJ 121 0491;20.Q1;20.Q1 release;;;;
Coverage-Triggered WCDMA Session Continuity;FAJ 121 0493;20.Q1;20.Q1 release;;;;
Coverage-Triggered GERAN Session Continuity;FAJ 121 0495;20.Q1;20.Q1 release;;;;
Clock Source over NTP;FAJ 121 0496;20.Q1;20.Q1 release;;;;
Automated Neighbor Relations;FAJ 121 0497;20.Q1;20.Q1 release;;;;
Support for 3GPP Compatible TMA;FAJ 121 0498;20.Q1;20.Q1 release;;;;
Support for 3GPP Compatible RET Antennas;FAJ 121 0499;20.Q1;20.Q1 release;;;;
Multiple Radio Bearers per User;FAJ 121 0549;20.Q1;20.Q1 release;;;;
PM-Initiated UE Measurements;FAJ 121 0667;20.Q1;20.Q1 release;;;;
Support for Cascading of 3GPP Compatible RET Antennas;FAJ 121 0705;20.Q1;20.Q1 release;;;;
Cell ID Based Location Support;FAJ 121 0735;20.Q1;20.Q1 release;;;;
Configuration Management of 3GPP Iuant and AISGv2.0 Compatible ALDs;FAJ 121 0736;20.Q1;20.Q1 release;;;;
Streaming of Events;FAJ 121 0760;20.Q1;20.Q1 release;;;;
Interference Rejection Combining;FAJ 121 0780;20.Q1;20.Q1 release;;;;
Coverage-Triggered Inter-Frequency Session Continuity;FAJ 121 0797;20.Q1;20.Q1 release;;;;
Efficient DRX/DTX for Connected UE;FAJ 121 0801;20.Q1;20.Q1 release;;;;
IPsec;FAJ 121 0804;20.Q1;20.Q1 release;;;;
CS Fallback for Dual-Radio UEs;FAJ 121 0845;20.Q1;20.Q1 release;;;;
CS Fallback to GERAN and UTRAN;FAJ 121 0856;20.Q1;20.Q1 release;;;;
IPv6;FAJ 121 0858;20.Q1;20.Q1 release;;;;
Shared LTE RAN;FAJ 121 0860;20.Q1;20.Q1 release;;;;
RLC in Unacknowledged Mode;FAJ 121 0861;20.Q1;20.Q1 release;;;;
A-GPS, User Plane Location Support;FAJ 121 0863;20.Q1;20.Q1 release;;;;
Enhanced Cell ID, User Plane Location Support;FAJ 121 0864;20.Q1;20.Q1 release;;;;
Maximum Cell Range;FAJ 121 0869;20.Q1;20.Q1 release;;;;
Redirect with System Information;FAJ 121 0876;20.Q1;20.Q1 release;;;;
Coverage-Triggered Inter-Frequency Handover;FAJ 121 0877;20.Q1;20.Q1 release;;;;
Simplex and Duplex Radio Ports;FAJ 121 0879;20.Q1;20.Q1 release;;;;
Robust Header Compression;FAJ 121 0892;20.Q1;20.Q1 release;;;;
Coverage triggered WCDMA IRAT Handover;FAJ 121 0897;20.Q1;20.Q1 release;;;;
Mixed Mode Radio LTE;FAJ 121 0906;20.Q1;20.Q1 release;;;;
Emergency Call Handling for CS Fallback;FAJ 121 0921;20.Q1;20.Q1 release;;;;
LTE Basic FDD;FAJ 121 0923;20.Q1;20.Q1 release;;;;
Firmware Download of Antenna Line Devices;FAJ 121 0925;20.Q1;20.Q1 release;;;;
Radio Node Autointegration/Zero Touch Integration;FAJ 121 0999;20.Q1;20.Q1 release;;;;
Cross-Sector Antenna Sharing Redundancy;FAJ 121 1040;20.Q1;20.Q1 release;;;;
System Information Modification;FAJ 121 1042;20.Q1;20.Q1 release;;;;
Support for 15km CPRI Link;FAJ 121 1100;20.Q1;20.Q1 release;;;;
Link Aggregation;FAJ 121 1395;20.Q1;20.Q1 release;;;;
System Improvements;FAJ 121 1447 ;20.Q1;20.Q1 release;;;;
TCP optimization;FAJ 121 1713;20.Q1;20.Q1 release;;;;
Limited Service Mode Emergency Call Support;FAJ 121 1743;20.Q1;20.Q1 release;;;;
Service Triggered Mobility;FAJ 121 1747;20.Q1;20.Q1 release;;;;
Dynamic QoS modification;FAJ 121 1749;20.Q1;20.Q1 release;;;;
Subscriber Triggered mobility;FAJ 121 1788;20.Q1;20.Q1 release;;;;
Two-Way Active Measurement Protocol Responder;FAJ 121 1791;20.Q1;20.Q1 release;;;;
A-GPS Control Plane Location Support;FAJ 121 1792;20.Q1;20.Q1 release;;;;
Enhanced Cell ID Control Plane Location Support;FAJ 121 1794;20.Q1;20.Q1 release;;;;
Packet Forwarding at S1 Handover;FAJ 121 1800;20.Q1;20.Q1 release;;;;
Cell Soft Lock;FAJ 121 1817;20.Q1;20.Q1 release;;;;
S-GW relocation at X2 handover;FAJ 121 1819;20.Q1;20.Q1 release;;;;
Cascadable Radio Units;FAJ 121 1820;20.Q1;20.Q1 release;No impact;No impact;;
6 Cell Support;FAJ 121 1821;20.Q1;20.Q1 release;;;;
Dual Band Support;FAJ 121 1822;20.Q1;20.Q1 release;;;;
Egress IP Traffic Shaping;FAJ 121 1823;20.Q1;20.Q1 release;;;;
Battery Test;FAJ 121 1824;20.Q1;20.Q1 release;;;;
Basic Admission Control;FAJ 121 1857;20.Q1;20.Q1 release;;;GBR may be less likely to meet guarantees;
UE Level Oscillating Handover Minimization;FAJ 121 1885;20.Q1;20.Q1 release;;;;
Operator Defined QCI;FAJ 121 1892;20.Q1;20.Q1 release;;;;
Jumbo Frames;FAJ 121 1896;20.Q1;20.Q1 release;;;;
PCI Conflict Reporting;FAJ 121 1898;20.Q1;20.Q1 release;;;;
IEEE1588 Frequency Synchronization;FAJ 121 2021;20.Q1;20.Q1 release;;;;
IEEE1588 Time and Phase Synchronization;FAJ 121 2022;20.Q1;20.Q1 release;;;;
GTP-U Supervision;FAJ 121 2024;20.Q1;20.Q1 release;;;;
Enhanced Cell ID in Traces;FAJ 121 2025;20.Q1;20.Q1 release;;;;
Automated RACH root sequence allocation;FAJ 121 2026;20.Q1;20.Q1 release;;;;
SRVCC Handover to UTRAN;FAJ 121 2027;20.Q1;20.Q1 release;;;;
Variable SR and CQI Periodicity;FAJ 121 2056;20.Q1;20.Q1 release;;;;
Support for 3GPP Compatible RET Antennas;FAJ 121 2175;20.Q1;20.Q1 release;;;;
Service Specific DRX;FAJ 121 3011;20.Q1;20.Q1 release;7.5% lower DRX scheduling occasions for PDSCH due to MBSFN subframes;7.5% lower DRX scheduling occasions for PDSCH due to MBSFN subframes;;
Mobility Control at Poor Coverage;FAJ 121 3013;20.Q1;20.Q1 release;;;;
SRVCC handover to GERAN;FAJ 121 3014;20.Q1;20.Q1 release;;;;
IP and SCTP Transport PM Enhancements;FAJ 121 3018;20.Q1;20.Q1 release;;;;
RRC Connection Re-establishment;FAJ 121 3019;20.Q1;20.Q1 release;;;;
7-12 Cell Support;FAJ 121 3020;20.Q1;20.Q1 release;No capacity impact, Throughput on shared cells.;No capacity impact, Throughput on shared cells.;;
Multi-Target RRC Connection Re-Establishment;FAJ 121 3023;20.Q1;20.Q1 release;;;;
Synchronous Ethernet;FAJ 121 3024;20.Q1;20.Q1 release;;;;
Real-Time Security Event Logging;FAJ 121 3027;20.Q1;20.Q1 release;;;;
Best Neighbor Relations for Intra-LTE Load Management;FAJ 121 3028;20.Q1;20.Q1 release;;;;
LPPa based E-CID Support;FAJ 121 3030;20.Q1;20.Q1 release;;;;
Automated Mobility Optimization;FAJ 121 3035;20.Q1;20.Q1 release;;;;
CS Fallback to CDMA 1X;FAJ 121 3036;20.Q1;20.Q1 release;;;;
Antenna System Monitoring;FAJ 121 3040;20.Q1;20.Q1 release;;;;
4x2 Quad Antenna Downlink Performance Package;FAJ 121 3041;20.Q1;20.Q1 release;;;;
Intra-LTE Inter-Mode Handover;FAJ 121 3042;20.Q1;20.Q1 release;;;;
Uplink Coordinated Multi-Point Reception;FAJ 121 3043;20.Q1;20.Q1 release;;;;
CPRI Link Observability;FAJ 121 3045;20.Q1;20.Q1 release;;;;
Carrier Aggregation;FAJ 121 3046;20.Q1;20.Q1 release;Throughput on each shared CC (-10% DL);"DL (Case A): If NR is using DL full-buffer (for any number of UEs), then the LTE DL throughput on the ESS CC is dropped by 50%.&#10;UL (Case A): If NR is using UL Full-buffer (for any number of UEs), then the LTE DL throughput on the ESS CC will be dropped by 50% due to scheduling NR PDCCH in the LTE PDSCH region&#10;DL (Case B): If 1 NR UE is using DL non-full-buffer (e.g. FTP, with download duration of 100 TTIs every 1 sec.), then the LTE DL throughput on the ESS CC will be roughly dropped by 22% [10% (MBSFNs) + 5% (0.5 * 100/1000, where NR DL data is scheduled) + 6.5% (0.5* 3/20* 900/1000, due to scheduling CSI-report every 20 slots which requires PDCCH for UL grants)].&#10;UL (case B): same as DL (case B)";;
Service specific load management;FAJ 121 3047;20.Q1;20.Q1 release;;;;
Enhanced PDCCH Link Adaptation;FAJ 121 3051;20.Q1;20.Q1 release;;;;
Multiple Frequency Band Indicators;FAJ 121 3054;20.Q1;20.Q1 release;;;;
Enhanced CS Fallback to CDMA 1x;FAJ 121 3056;20.Q1;20.Q1 release;;;;
PDCCH Power Boost;FAJ 121 3057;20.Q1;20.Q1 release;no impact since the LTE can use the maximum number of configured PDCCH symbols except in MBSFN subframes;For a non-0 NR load, e.g. full buffer UL or DL, the number of available CCEs will drop by: 33% if the LTE maximum CFI = 3 (since max CFI will be = 2 for all subframes), 0 %, if the LTE maximum CFI =1 or 2;;
Dynamic SCell Selection for Carrier Aggregation;FAJ 121 3063;20.Q1;20.Q1 release;;;;
Best Neighbor Relations for WCDMA IRAT Offload;FAJ 121 3065;20.Q1;20.Q1 release;;;;
PSHO-Based CS Fallback to UTRAN;FAJ 121 3072;20.Q1;20.Q1 release;;;;
Measurement-Based CSFB Target Selection;FAJ 121 3073;20.Q1;20.Q1 release;;;;
SRVCC Handover to CDMA 1x;FAJ 121 3074;20.Q1;20.Q1 release;;;;
4x4 Quad Antenna Downlink Performance Package;FAJ 121 3076;20.Q1;20.Q1 release;;;;
Overlaid Cell Detection;FAJ 121 3078;20.Q1;20.Q1 release;;;;
Energy Metering;FAJ 121 3079;20.Q1;20.Q1 release;;;;
3CC DL Carrier Aggregation Extension;FAJ 121 3084;20.Q1;20.Q1 release;;;;
Service or Priority-Triggered Inter-Frequency Handover;FAJ 121 3087;20.Q1;20.Q1 release;;;;
Multi Sector Per Radio;FAJ 121 3088;20.Q1;20.Q1 release;;;;
Load-Based Access Barring;FAJ 121 3093;20.Q1;20.Q1 release;;;;
Multicabinet Control;FAJ 121 3095;20.Q1;20.Q1 release;;;;
Non-planned PCI range;FAJ 121 3096;20.Q1;20.Q1 release;;;;
MME Overload Control;FAJ 121 3097;20.Q1;20.Q1 release;;;;
PHICH Group Spreading;FAJ 121 3099;20.Q1;20.Q1 release;;;;
Multi-Layer Service-Triggered Mobility;FAJ 121 4124;20.Q1;20.Q1 release;;;;
CMPv2 (Certificate Management Protocol ver 2);FAJ 121 4142;20.Q1;20.Q1 release;;;;
IP Flow Monitoring;FAJ 121 4161;20.Q1;20.Q1 release;;;;
Service Specific Inactivity Timer;FAJ 121 4246;20.Q1;20.Q1 release;;;;
RAN Grand Master;FAJ 121 4249;20.Q1;20.Q1 release;;;;
Ethernet OAM Service;FAJ 121 4253;20.Q1;20.Q1 release;;;;
Bidirectional Forwarding Detection;FAJ 121 4255;20.Q1;20.Q1 release;;;;
Virtual Routers;FAJ 121 4257;20.Q1;20.Q1 release;;;;
FDD and TDD on same eNB;FAJ 121 4274;20.Q1;20.Q1 release;;;;
UE Location at Release;FAJ 121 4290;20.Q1;20.Q1 release;;;;
Release Inactive UE at High Load Handover;FAJ 121 4296;20.Q1;20.Q1 release;;;;
Dynamic Random Access Backoff;FAJ 121 4299;20.Q1;20.Q1 release;;;;
Inactivity-triggered PUCCH release at high load;FAJ 121 4302;20.Q1;20.Q1 release;;;;
Prioritization of VoLTE in Access Barring;FAJ 121 4329;20.Q1;20.Q1 release;;;;
64 QAM Uplink;FAJ 121 4363;20.Q1;20.Q1 release;;;;
Differentiated UE handling;FAJ 121 4368;20.Q1;20.Q1 release;;;;
Access Control Lists;FAJ 121 4376;20.Q1;20.Q1 release;;;;
Static Routing;FAJ 121 4412;20.Q1;20.Q1 release;;;;
Ethernet Switching;FAJ 121 4413;20.Q1;20.Q1 release;;;;
Bridged Virtual Interface;FAJ 121 4414;20.Q1;20.Q1 release;;;;
S1 over Satellite;FAJ 121 4421;20.Q1;20.Q1 release;;;;
256 QAM Downlink;FAJ 121 4422;20.Q1;20.Q1 release;;;;
Out of Band Relay;FAJ 121 4424;20.Q1;20.Q1 release;;;;
DL 4CC Carrier Aggregation;FAJ 121 4466;20.Q1;20.Q1 release;;;;
DL 5CC Carrier Aggregation;FAJ 121 4467;20.Q1;20.Q1 release;;;;
Inter-eNB Carrier Aggregation;FAJ 121 4469;20.Q1;20.Q1 release;;;;
MDT;FAJ 121 4518;20.Q1;20.Q1 release;;;;
Network Assisted CRS-IC;FAJ 121 4519;20.Q1;20.Q1 release;;;;
Uplink Scheduling Control for Out-of-Coverage Ues;FAJ 121 4524;20.Q1;20.Q1 release;;;;
Port Mirroring;FAJ 121 4550;20.Q1;20.Q1 release;;;;
TWAMP Initiator;FAJ 121 4557;20.Q1;20.Q1 release;;;;
Mixed Mode Baseband LTE;FAJ 121 4565;20.Q1;20.Q1 release;;;;
Adaptive RLC Poll-Retransmission;FAJ 121 4570;20.Q1;20.Q1 release;;;;
Transport Path Characteristics Monitoring;FAJ 121 4575;20.Q1;20.Q1 release;;;;
Elastic RAN;FAJ 121 4608;20.Q1;20.Q1 release;;;;
CPRI Compression;FAJ 121 4632;20.Q1;20.Q1 release;;;;
Service Specific HARQ;FAJ 121 4645;20.Q1;20.Q1 release;;;;
Flexible Counters;FAJ 121 4669;20.Q1;20.Q1 release;;;;
Multiple IP addresses for S1 and X2;FAJ 121 4697;20.Q1;20.Q1 release;;;;
Configurable SCell Priority;FAJ 121 4701;20.Q1;20.Q1 release;Limited impact. Computation of effective BW does not account for NR usage when it compares effective BW for all candidate subsets and number of layers, but effect minor.;Limited impact. Load by other Ues is never used in effective BW computation - it depends on load balancing to equalize load between cells.;;
OSPFv2;FAJ 121 4727;20.Q1;20.Q1 release;;;;
Assisted time holdover;FAJ 121 4728;20.Q1;20.Q1 release;;;;
IEEE 1588 Boundary Clock;FAJ 121 4755;20.Q1;20.Q1 release;;;;
Packet Capture;FAJ 121 4759;20.Q1;20.Q1 release;;;;
Mixed Mode Baseband R;FAJ 121 4776;20.Q1;20.Q1 release;;;;
Multiple GNSS support;FAJ 121 4780;20.Q1;20.Q1 release;;;;
Basic Intelligent Connectivity;FAJ 121 4843;20.Q1;20.Q1 release;;;;
Robust SRVCC Handover at call set up;FAJ 121 4855;20.Q1;20.Q1 release;;;;
Advanced SR Allocation for Privileged Access Users;FAJ 121 4881;20.Q1;20.Q1 release;;;;
VoLTE Optimized Carrier Aggregation;FAJ 121 4884;20.Q1;20.Q1 release;;;;
Machine Intelligence Enabled Mobility;FAJ 121 4940;20.Q1;20.Q1 release;;;;
VoLTE Rate Recommendation;FAJ 121 5014;20.Q1;20.Q1 release;;;;
6CC DL Carrier Aggregation Extension;FAJ 121 5032;20.Q1;20.Q1 release;;;;
7CC DL Carrier Aggregation Extension;FAJ 121 5033;20.Q1;20.Q1 release;;;;
LMT Port Disabling;FAJ 121 5058;20.Q1;20.Q1 release;;;;
Uplink Robust Header Compression for Data;FAJ 121 5072;20.Q1;20.Q1 release;;;;
Capability-Aware Idle Mode Control;FAJ 121 5073;20.Q1;20.Q1 release;;;;
IPv4 and IPv6 Dual Stack;FAJ 121 5148;20.Q1;20.Q1 release;;;;
Reduced Connection Setup Time;FAJ 121 5149;20.Q1;20.Q1 release;;;;
Flexible Uplink Processing;FAJ 121 5155;20.Q1;20.Q1 release;;;;
OTDOA Control Plane Location Support;FAJ 121 1793;20.Q1;20.Q1 release;;;;
LPPa-based OTDOA support;FAJ 121 3050;20.Q1;20.Q1 release;;;;
OTDOA PRS Management;FAJ 121 3086;20.Q1;20.Q1 release;;;;
Inter-Frequency OTDOA;FAJ 121 3090;20.Q1;20.Q1 release;;;;
FDD-TDD Carrier Aggregation;FAJ 121 4252;20.Q1;20.Q1 release;;;;
Dynamic PUCCH;FAJ 121 4377;20.Q1;20.Q1 release;Throughput only (-2% UL);Less UL throughput due to fragmentation of UL BW with NR PRACH. Degradation is function of the placement of NR PRACH. If the LTE Dynamic PUCCH is allowed to be extended to PRB 6 for instance, then the NR PRACH will be placed from 7 to 18, and thus PUSCH allocation will start from PRB 19 till the end of the BW. Thus, compared to dynamic PUCCH in LTE which can only use 1 PRB in some slots then the loss is 5 PRBs every 10 ms. In other words, the maximum degradation is equal to (the PRBs of the new system + NR PRACH size)*0.1;Initial solution provides a limited room for LTE PUCCH growth of resources. Loss of PUCCH resource size is a function of the offset NR PRACH from the smallest LTE PUCCH allocation. If the PUCCH grows into the PRACH area, it will not be able to use the reserved NR PRACH area every 10 ms.;
OTDOA, User Plane Location Support;FAJ 121 0862;20.Q1;20.Q1 release;;;;
Uplink Carrier Aggregation;FAJ 121 4425;20.Q1;20.Q1 release;;If the cell is not aware of the available spectrum, then non optimal power split happens.;;
Multiple Radio Bearers per User;FAJ 121 0549;20.Q2 GA;Fully Supported;;;;
Fractional Pathloss Power Control;FAJ 121 3033;20.Q2 GA;Fully Supported;;;;
UE-Assisted Adaptive DRX;FAJ 121 4429;20.Q2 GA;Fully Supported;;;;
Global SCell Evaluation;FAJ 121 4734;20.Q2 GA;Fully Supported;;;;
ASGH Performance Package;FAJ 121 4796;20.Q2 GA;Fully Supported;;;;
Skip Uplink Padding on Dynamic Grants;FAJ 121 4832;20.Q2 GA;Fully Supported;;;;
In-Device Co-existence for Uplink Carrier Aggregation;FAJ 121 4894;20.Q2 GA;Fully Supported;;;;
Advanced Cell Supervision;FAJ 121 0781;20.Q2 GA;Fully Supported;;;;
Emergency Call Prioritization;FAJ 121 1039;20.Q2 GA;Fully Supported;;;;
High Speed UE;FAJ 121 2054;20.Q2 GA;Fully Supported;;;;
Contention Free Random Access;FAJ 121 2055;20.Q2 GA;Fully Supported;;;;
Baseband reset;FAJ 121 3091;20.Q2 GA;Fully Supported;;;;
CQI and PUSCH SINR and Received Power in Traces;FAJ 121 4207;20.Q2 GA;Fully Supported;;;;
Advanced Differentiation for Resource Fair Scheduling;FAJ 121 4415;20.Q2 IP1;Fully Supported;;;;
Coverage for Low-Complexity UE;FAJ 121 4626;20.Q2 GA;Fully Supported;;;;
PDCCH Coverage Extension;FAJ 121 4629;20.Q2 GA;Fully Supported;;;;
Differential Uplink Power Control;FAJ 121 4680;20.Q2 GA;Fully Supported;;;;
ASGH Framework;FAJ 121 4795;20.Q2 GA;Fully Supported;;;;
ASGH-Based A/B Testing Framework;FAJ 121 5048, FAJ 121 5049;20.Q2 GA;Fully Supported;;;;
Air Interface Load Generator;FAJ 121 0855;20.Q2 GA;Supported on non ESS cells;;;;
Combined Cell;FAJ 121 3025;20.Q2 GA;Supported on non ESS cells;;;;
Micro sleep Tx;FAJ 121 3089;20.Q2 GA;Supported on non ESS cells;;;;
MIMO sleep mode;FAJ 121 3094;20.Q2 GA;Supported on non ESS cells;;;;
Supplementary Downlink with Licensed-Assisted Access (LAA);FAJ 121 4573;20.Q2 GA;Supported on non ESS cells;;;;
Soft Reduction of Cell Tx Power;FAJ 121 4885;20.Q2 GA;Supported on non ESS cells;;;;
VSWR Antenna Supervision;FAJ 121 0706;20.Q2 GA;Supported with limitation;;;VSWR measurements fail when LTE is disabled;
QoS-Aware Scheduler;FAJ 121 0859;20.Q2 IP1;Fully Supported;;;;
Enhanced Observability;FAJ 121 1044;20.Q2 IP1;Fully Supported;;;;
End User Bitrate Shaping;FAJ 121 1745;20.Q2 IP1;Fully Supported;;;;
Differentiated Admission Control;FAJ 121 1787;20.Q2 IP2;Fully Supported;;;;
Delay-Based Scheduling and Grant Estimation;FAJ 121 1789;20.Q2 IP2;Fully supported pending live verification.;;;;
Uplink-Triggered Inter-Frequency Mobility;FAJ 121 1797;20.Q2 IP2;Fully Supported;;;;
Dynamic Load Control;FAJ 121 3083;20.Q2 IP1;Fully Supported;;;;
Prescheduling;FAJ 121 3085;20.Q2 IP2;Restricted due to HY48466, Improved LTE DL/UL throughput and decreased NR DL/UL throughput.;;;;
Uplink Interference Reporting;FAJ 121 4157;20.Q2 IP2;Supported on non ESS cells;;;;
Downlink CoMP;FAJ 121 4223;20.Q2 IP1;Fully Supported;;;;
Flexible Channel Bandwidth;FAJ 121 4756;20.Q2 IP1;Fully Supported;;;10 MHz BW supported;
ASGH-Based Prescheduling;FAJ 121 4797;20.Q2 IP1;See issue on Prescheduling.;;;;
PLMN-Specific Access Barring;FAJ 121 4916;20.Q2 IP1;Fully Supported;;;;
Load-Based CA SCell Handling;FAJ 121 4939;20.Q2 IP1;Fully Supported;;;;
Downlink Frequency-Selective Scheduling;FAJ 121 2053;20.Q2 IP1;Supported with limitation pending live verification.;;;"Feature only impacts an LTE UE that is scheduled in the same slot as an NR UE, and that too, if the NR PRBs happen to match optimal  frequency selective LTE PRBs. 
Overall, little impact especially when NR usage is low, with bursty traffic.";
Automated Cell Capacity Estimation;FAJ 121 3031;20.Q2 IP1;Supported with limitation;;;"Cell capacity estimation higher due to ignored NR load. 
Without any NR load, no impact. 
Impact visible as NR load increases. 
Load balancing thresholds can compensate for NR load as interim solution (e.g. Can set estCellCapUsableFractionto expected (or observed) average percentage of split PRBs between LTE and NR (e.g. 50%)";
PTM preferential traffic management;N/A;20.Q2 IP1;Supported with limitation;;;offload triggered later due to ignored NR load;
PUCCH Overdimensioning;FAJ 121 0883;20.Q2 IP2;Fully Supported;;;;
Minimum Rate Proportional Fair Scheduling;FAJ 121 0920;20.Q2 IP2;Issues with certain proportional fair scheduling configurations, causing low NR throughput, see HY48947. ;;;;
Quad Antenna Uplink Performance Package;FAJ 121 1744;20.Q2 IP2;Fully Supported;;;;
Dynamic Cell Status;FAJ 121 1746;20.Q2 GA;Fully Supported;;;;
Dynamic GBR Admission Control;FAJ 121 1748;20.Q2 IP2;Fully Supported;;;;
Relative Priority Scheduling;FAJ 121 2037;20.Q2 IP2;Fully supported pending live verification.;;;;
Public Warning System;FAJ 121 2050;20.Q2 IP2;Fully Supported;;;;
TTI Bundling;FAJ 121 2051;20.Q2 IP2;Fully Supported;;;;
Adjustable CRS Power;FAJ 121 3049;20.Q2 IP1;Fully Supported;;;;
Priority Paging;FAJ 121 3081;20.Q2 IP2;Fully Supported;;;;
Basic Load Management;FAJ 121 3092;20.Q2 IP2;Fully Supported;;;;
Admission-Triggered Offload;FAJ 121 3100;20.Q2 IP2;Fully Supported;;;;
Prioritized SR Scheduling;FAJ 121 4300;20.Q2 IP2;Fully Supported;;;;
Dynamic UE admission control;FAJ 121 4301;20.Q2 IP2;Fully Supported;;;;
Dynamic uplink resource allocation;FAJ 121 4619;20.Q2 IP2;Restricted pending verification.;;;;
Data Aware Uplink Scheduling;FAJ 121 4757;20.Q2 IP2;Fully supported pending live verification.;;;;
Delay Tolerant Receiver;FAJ 121 4853;20.Q2 IP2;Fully supported pending live verification.;;;;
4x4 Full Interference Rejection Combining;FAJ 121 4901;20.Q2 IP2;Fully supported pending live verification.;;;;
Mission-Critical Push-to-Talk;FAJ 121 4929;20.Q2 IP2;Restricted pending verification.;;;;
Downlink User Plane Latency Reduction;FAJ 121 4994;20.Q2 IP2;Fully Supported;;;;
Enhanced PTT Admission Control;FAJ 121 5018;20.Q2 IP2;Restricted pending verification.;;;;
Uplink Spectrum Analyzer;FAJ 121 4271;20.Q2 IP2;Supported on non ESS cells;;;;
Uplink Frequency-Selective Scheduling;FAJ 121 1799;20.Q2 IP2;Supported with limitation;;;"Feature only impacts an LTE UE that is scheduled in the same slot as an NR UE, and that too, if the NR PRBs happen to match optimal ΓÇ£frequency selective LTE PRBsΓÇ¥. 
Overall, little impact especially when NR usage is low, with bursty traffic.";
Inter-Frequency Load Balancing;FAJ 121 3009;20.Q2 IP2;Supported with limitation;;;"Cell capacity estimation higher due to ignored NR load. 
Without any NR load, no impact. 
Impact visible as NR load increases. 
Load balancing thresholds can compensate for NR load as interim solution (e.g. Can set estCellCapUsableFractionto expected (or observed) average percentage of split PRBs between LTE and NR (e.g. 50%)";
IFLB Activation Threshold;FAJ 121 3058;20.Q2 IP2;Supported with limitation;;;"Cell capacity estimation higher due to ignored NR load. 
Without any NR load, no impact. 
Impact visible as NR load increases. 
Load balancing thresholds can compensate for NR load as interim solution (e.g. Can set estCellCapUsableFractionto expected (or observed) average percentage of split PRBs between LTE and NR (e.g. 50%)";
Inter-Frequency Offload;FAJ 121 3061;20.Q2 IP2;Supported with limitation;;;"Cell capacity estimation higher due to ignored NR load. 
Without any NR load, no impact. 
Impact visible as NR load increases. 
Load balancing thresholds can compensate for NR load as interim solution (e.g. Can set estCellCapUsableFractionto expected (or observed) average percentage of split PRBs between LTE and NR (e.g. 50%)";
Carrier Aggregation-Aware IFLB;FAJ 121 3075;20.Q2 IP2;Supported with limitation pending live verification.;;;"Cell capacity estimation higher due to ignored NR load. 
Without any NR load, no impact. 
Impact visible as NR load increases. 
Load balancing thresholds can compensate for NR load as interim solution (e.g. Can set estCellCapUsableFractionto expected (or observed) average percentage of split PRBs between LTE and NR (e.g. 50%)";
Coverage-Adapted Load Management;FAJ 121 3077;20.Q2 IP2;Supported with limitation pending live verification.;;;load estimation lower due to ignored NR load;
UE Throughput aware IFLB;FAJ 121 4219;20.Q2 IP2;Supported with limitation pending live verification.;;;"Cell capacity estimation higher due to ignored NR load. 
Without any NR load, no impact. 
Impact visible as NR load increases. 
Load balancing thresholds can compensate for NR load as interim solution (e.g. Can set estCellCapUsableFractionto expected (or observed) average percentage of split PRBs between LTE and NR (e.g. 50%)";
Load Based Distribution at Release;FAJ 121 4338;20.Q2 IP2;Supported with limitation;;;load estimation lower due to ignored NR load;
Limited Uplink-Aware IFLB;FAJ 121 4406;20.Q2 IP2;Supported with limitation pending live verification.;;;"Cell capacity estimation higher due to ignored NR load. 
Without any NR load, no impact. 
Impact visible as NR load increases. 
Load balancing thresholds can compensate for NR load as interim solution (e.g. Can set estCellCapUsableFractionto expected (or observed) average percentage of split PRBs between LTE and NR (e.g. 50%)";
Radio resource partitioning;FAJ 121 4571;20.Q2 IP2;Supported with limitation;;;in ESS-LTE cell the resource utilization of a certain partition will be under-estimated if NR (PRB) usage is not accounted for.  This will create the effect that higher priority partition will continue to occupy the resources longer if threshold is not set properly;
Resource-Optimized Uplink Scheduling;FAJ 121 4888;20.Q2 IP2;Supported with limitation pending live verification.;;;"This feature is beneficial only when baseband is highly loaded, or there is uneven LTE traffic distribution across all cells on the same BB.  
With ESS, little impact especially when NR usage is low, with bursty traffic. ";
Evolved Uplink Frequency-Selective Scheduling;FAJ 121 4966;20.Q2 IP2;Supported with limitation;;;"Feature only impacts an LTE UE that is scheduled in the same slot as an NR UE, and that too, if the NR PRBs happen to match optimal  frequency selective LTE PRBs. 
Overall, little impact especially when NR usage is low, with bursty traffic.";
Evolved Load-Based Distribution at Release;FAJ 121 5128;20.Q2 IP2;Supported with limitation pending live verification.;;;load estimation lower due to ignored NR load;
